id,title,score,num_comments,author,created_utc,url,upvote_ratio,over_18,edited,spoiler,stickied
1arwf4u,"Had an onsite interview with one of FAANG, all 6 interviewers were Indian ",904,69,HiroKifa,2/16/24 1:35,https://www.reddit.com/r/dataengineering/comments/1arwf4u/had_an_onsite_interview_with_one_of_faang_all_6/,0.85,FALSE,TRUE,FALSE,FALSE
1aujhqw,How true is this!,381,38,_areebpasha,2/19/24 9:39,https://i.redd.it/rs9mkuppiijc1.jpeg,0.96,FALSE,FALSE,FALSE,FALSE
1au9s4s,New DE advice from a Principal,272,74,ithinkiboughtadingo,2/19/24 0:30,https://www.reddit.com/r/dataengineering/comments/1au9s4s/new_de_advice_from_a_principal/,0.99,FALSE,TRUE,FALSE,FALSE
1aqq9vc,What the Hell is a Data Lake?,175,120,DuckDatum,2/14/24 15:59,https://www.reddit.com/r/dataengineering/comments/1aqq9vc/what_the_hell_is_a_data_lake/,0.94,FALSE,FALSE,FALSE,FALSE
1asc1gj,PySpark Tutorial in Jupyter Notebook,101,10,ImportantA,2/16/24 15:58,https://www.reddit.com/r/dataengineering/comments/1asc1gj/pyspark_tutorial_in_jupyter_notebook/,0.96,FALSE,TRUE,FALSE,FALSE
1at7mdg,Update to interview posts,85,8,AutoModerator,2/17/24 17:44,https://www.reddit.com/r/dataengineering/comments/1at7mdg/update_to_interview_posts/,0.9,FALSE,FALSE,FALSE,TRUE
1asim63,How do you prep for SQL heavy technical rounds?,79,38,Firm_Bit,2/16/24 20:25,https://www.reddit.com/r/dataengineering/comments/1asim63/how_do_you_prep_for_sql_heavy_technical_rounds/,0.94,FALSE,FALSE,FALSE,FALSE
1asegcy,Blog 1 - Structured Way to Study and Get into Azure DE role,78,46,Vikinghehe,2/16/24 17:35,https://www.reddit.com/r/dataengineering/comments/1asegcy/blog_1_structured_way_to_study_and_get_into_azure/,0.88,FALSE,TRUE,FALSE,FALSE
1arpamc,Guiding others to transition into Azure DE Role.,68,49,Vikinghehe,2/15/24 20:29,https://www.reddit.com/r/dataengineering/comments/1arpamc/guiding_others_to_transition_into_azure_de_role/,0.96,FALSE,TRUE,FALSE,FALSE
1aqsmoc,"When will ""we need to be on cloud"" statements stop with executive's?",68,45,Imaginary-Ad2828,2/14/24 17:35,https://www.reddit.com/r/dataengineering/comments/1aqsmoc/when_will_we_need_to_be_on_cloud_statements_stop/,0.9,FALSE,FALSE,FALSE,FALSE
1aqx9sx,Why do some companies want Data Analysts to also perform the role of a Data Engineer?,62,49,_areebpasha,2/14/24 20:43,https://www.reddit.com/r/dataengineering/comments/1aqx9sx/why_do_some_companies_want_data_analysts_to_also/,0.91,FALSE,FALSE,FALSE,FALSE
1atz3j8,Doing data engineering as a hobby ?,58,69,oOGreenFantasyOo,2/18/24 17:13,https://www.reddit.com/r/dataengineering/comments/1atz3j8/doing_data_engineering_as_a_hobby/,0.9,FALSE,FALSE,FALSE,FALSE
1ar87km,Confused with all the new cool stuff in DE,54,24,Difficult_Ad_426,2/15/24 5:31,https://www.reddit.com/r/dataengineering/comments/1ar87km/confused_with_all_the_new_cool_stuff_in_de/,1,FALSE,TRUE,FALSE,FALSE
1aqmnx0,"My company just let me open source our orchestration tool 'Houston', an API based alternative to Airflow/Google Cloud Composer that we've been using internally for the last 4 years! It's great for low-cost, high-speed data pipelines",53,3,flo0d,2/14/24 13:17,https://github.com/datasparq-ai/houston,0.98,FALSE,FALSE,FALSE,FALSE
1apz616,Passed AWS Data Engineer - Associate !,53,18,dev_lvl80,2/13/24 17:31,https://www.reddit.com/r/dataengineering/comments/1apz616/passed_aws_data_engineer_associate/,0.92,FALSE,TRUE,FALSE,FALSE
1atq6yq,Seeking Advice on ETL/ELT Platforms â€“ Your Experiences?,46,62,Junior-Okra222,2/18/24 9:24,https://i.redd.it/jssiglo4bbjc1.jpeg,0.9,FALSE,FALSE,FALSE,FALSE
1arfovi,Most Valuable Data Engineering Skills,42,76,HotAcanthocephala854,2/15/24 13:42,https://www.reddit.com/r/dataengineering/comments/1arfovi/most_valuable_data_engineering_skills/,0.83,FALSE,FALSE,FALSE,FALSE
1aqcvov,DBT Column Level Lineage only for DBT Cloud customers,43,20,Culpgrant21,2/14/24 3:17,https://www.getdbt.com/blog/proactively-improve-your-dbt-projects-with-new-dbt-explorer-features/,0.95,FALSE,FALSE,FALSE,FALSE
1ariy7h,Whats hot in 2024?,44,45,Ootoootooo,2/15/24 16:08,https://www.reddit.com/r/dataengineering/comments/1ariy7h/whats_hot_in_2024/,1,FALSE,FALSE,FALSE,FALSE
1as8nxe,Getting Started with Data Engineering (wiki),40,4,brent_brewington,2/16/24 13:31,https://github.com/bbrewington/data-tools/wiki/Getting-Started-with-Data-Engineering,0.97,FALSE,FALSE,FALSE,FALSE
1apolbz,The only two books you need to read about CI/CD and Data,43,31,OnlyFish7104,2/13/24 8:20,https://www.reddit.com/r/dataengineering/comments/1apolbz/the_only_two_books_you_need_to_read_about_cicd/,0.67,FALSE,TRUE,FALSE,FALSE
1atbt4x,Any video course equivalent of the fundamentals of data engineering out there?,39,15,Alno1,2/17/24 20:43,https://www.reddit.com/r/dataengineering/comments/1atbt4x/any_video_course_equivalent_of_the_fundamentals/,0.9,FALSE,FALSE,FALSE,FALSE
1aphlml,"Using pandas in a data-intensive application - what the best, RAM-efficient, alternative?",40,32,NFeruch,2/13/24 1:52,https://www.reddit.com/r/dataengineering/comments/1aphlml/using_pandas_in_a_dataintensive_application_what/,0.9,FALSE,TRUE,FALSE,FALSE
1aqhsg8,Interview question,38,11,Fantastic-Bell5386,2/14/24 8:03,https://www.reddit.com/r/dataengineering/comments/1aqhsg8/interview_question/,0.9,FALSE,FALSE,FALSE,FALSE
1apqjnd,Pick 30% paybump for a small company or work in a big bank?,35,29,Leopatto,2/13/24 10:40,https://www.reddit.com/r/dataengineering/comments/1apqjnd/pick_30_paybump_for_a_small_company_or_work_in_a/,0.93,FALSE,FALSE,FALSE,FALSE
1atqm34,"Are the ""cool"" tools (Meltano, dlt, sling, Airbyte, etc) really production ready",34,27,pokepip,2/18/24 9:52,https://www.reddit.com/r/dataengineering/comments/1atqm34/are_the_cool_tools_meltano_dlt_sling_airbyte_etc/,0.89,FALSE,FALSE,FALSE,FALSE
1au3t2l,Running Doom on Snowflake,35,4,on_the_mark_data,2/18/24 20:24,https://www.arecadata.com/running-doom-on-snowflake/,0.97,FALSE,FALSE,FALSE,FALSE
1as7t57,Current company got acquired by bigger company. Should I be worried?,31,71,TheQuiteMind,2/16/24 12:50,https://www.reddit.com/r/dataengineering/comments/1as7t57/current_company_got_acquired_by_bigger_company/,0.94,FALSE,FALSE,FALSE,FALSE
1apkimj,"What are instances where data storage, ETL, analytics, etc don't make sense on the cloud?",30,20,Reddit_Account_C-137,2/13/24 4:14,https://www.reddit.com/r/dataengineering/comments/1apkimj/what_are_instances_where_data_storage_etl/,0.94,FALSE,FALSE,FALSE,FALSE
1apzymj,How would I go about creating a small-scale data warehouse for a small business team?,26,23,AstralSerenity,2/13/24 18:02,https://www.reddit.com/r/dataengineering/comments/1apzymj/how_would_i_go_about_creating_a_smallscale_data/,0.94,FALSE,TRUE,FALSE,FALSE
1ato76r,Data Pipeline Demo,24,4,nydasco,2/18/24 7:09,https://www.reddit.com/r/dataengineering/comments/1ato76r/data_pipeline_demo/,0.97,FALSE,TRUE,FALSE,FALSE
1at32dw,Do you use surrogate key or composite key in fact tables?,25,37,rental_car_abuse,2/17/24 14:21,https://www.reddit.com/r/dataengineering/comments/1at32dw/do_you_use_surrogate_key_or_composite_key_in_fact/,0.96,FALSE,FALSE,FALSE,FALSE
1aq6dbj,"Have you tried these tools? If not, why?",27,49,AMDataLake,2/13/24 22:21,https://www.reddit.com/r/dataengineering/comments/1aq6dbj/have_you_tried_these_tools_if_not_why/,0.85,FALSE,FALSE,FALSE,FALSE
1at0gkz,Geoglify: now supports visualizing geo data through patterns,25,3,leoneljdias,2/17/24 12:05,https://v.redd.it/3ryx4ffyy4jc1,1,FALSE,FALSE,FALSE,FALSE
1at1rel,"Beginner Question - Use cases of Spark if we are on Snowflake, AWS",22,26,20231027,2/17/24 13:17,https://www.reddit.com/r/dataengineering/comments/1at1rel/beginner_question_use_cases_of_spark_if_we_are_on/,0.92,FALSE,TRUE,FALSE,FALSE
1ashy7w,How much normalization is too much normalization?,20,11,darin_thompson,2/16/24 19:58,https://www.reddit.com/r/dataengineering/comments/1ashy7w/how_much_normalization_is_too_much_normalization/,0.96,FALSE,FALSE,FALSE,FALSE
1atsmdv,From a Data Engineer to another,19,14,anfawave,2/18/24 12:04,https://www.reddit.com/r/dataengineering/comments/1atsmdv/from_a_data_engineer_to_another/,0.82,FALSE,FALSE,FALSE,FALSE
1apkw7y,Resources for data modeling and building a data architecture for event data,20,16,Several_Percentage_5,2/13/24 4:34,https://www.reddit.com/r/dataengineering/comments/1apkw7y/resources_for_data_modeling_and_building_a_data/,0.95,FALSE,TRUE,FALSE,FALSE
1aqylw4,Inherited dozens of ETL pipelines assembled using custom scripts,18,21,Kr3w570,2/14/24 21:40,https://www.reddit.com/r/dataengineering/comments/1aqylw4/inherited_dozens_of_etl_pipelines_assembled_using/,0.9,FALSE,FALSE,FALSE,FALSE
1au3l53,Star Schema: How to best model nested data,17,8,YannickAlex07,2/18/24 20:15,https://www.reddit.com/r/dataengineering/comments/1au3l53/star_schema_how_to_best_model_nested_data/,0.96,FALSE,FALSE,FALSE,FALSE
1asbdf4,Which is better abfss or dbfs in azure databricks for ADLS Gen2?,18,16,TH3R4PIST,2/16/24 15:30,https://www.reddit.com/r/dataengineering/comments/1asbdf4/which_is_better_abfss_or_dbfs_in_azure_databricks/,0.88,FALSE,FALSE,FALSE,FALSE
1at8bft,About iceberg tables,15,12,Annual_Scratch7181,2/17/24 18:15,https://www.reddit.com/r/dataengineering/comments/1at8bft/about_iceberg_tables/,0.95,FALSE,FALSE,FALSE,FALSE
1at76os,Airbyte and similar EL tools,15,46,caksters,2/17/24 17:26,https://www.reddit.com/r/dataengineering/comments/1at76os/airbyte_and_similar_el_tools/,0.83,FALSE,FALSE,FALSE,FALSE
1asxqdx,Blog 2 - Learning SQL,17,2,Vikinghehe,2/17/24 9:05,https://www.reddit.com/r/dataengineering/comments/1asxqdx/blog_2_learning_sql/,0.9,FALSE,TRUE,FALSE,FALSE
1aq7xh9,Who's Using Data Catalogs? Need your insights !,17,11,SignificanceNo136,2/13/24 23:25,https://www.reddit.com/r/dataengineering/comments/1aq7xh9/whos_using_data_catalogs_need_your_insights/,0.95,FALSE,FALSE,FALSE,FALSE
1apwl21,Dagster Feedback?,14,11,minormisgnomer,2/13/24 15:47,https://www.reddit.com/r/dataengineering/comments/1apwl21/dagster_feedback/,0.94,FALSE,FALSE,FALSE,FALSE
1auwjek,What is the DBT function you discovered recently and you use everywhere?,16,8,Advanced_Addition321,2/19/24 19:44,https://www.reddit.com/r/dataengineering/comments/1auwjek/what_is_the_dbt_function_you_discovered_recently/,0.95,FALSE,FALSE,FALSE,FALSE
1atuvav,Blog 3 - Let's talk ADF!,13,4,Vikinghehe,2/18/24 14:07,https://www.reddit.com/r/dataengineering/comments/1atuvav/blog_3_lets_talk_adf/,0.81,FALSE,TRUE,FALSE,FALSE
1atxo57,Athena MERGE INTO + Iceberg in AWS,12,5,softwaredemonlord,2/18/24 16:14,https://www.reddit.com/r/dataengineering/comments/1atxo57/athena_merge_into_iceberg_in_aws/,1,FALSE,FALSE,FALSE,FALSE
1ast2g5,DP-600 vs DP-203: Which one would be better choice? Need advice.,13,4,bass581,2/17/24 4:17,https://www.reddit.com/r/dataengineering/comments/1ast2g5/dp600_vs_dp203_which_one_would_be_better_choice/,1,FALSE,TRUE,FALSE,FALSE
1aqjqpf,Which certification should I get ?,12,13,tn_receptionist_1520,2/14/24 10:24,https://www.reddit.com/r/dataengineering/comments/1aqjqpf/which_certification_should_i_get/,0.93,FALSE,FALSE,FALSE,FALSE
1asw21j,Australia data engineering salary,11,5,Agile-z,2/17/24 7:12,https://www.reddit.com/r/dataengineering/comments/1asw21j/australia_data_engineering_salary/,0.87,FALSE,FALSE,FALSE,FALSE
1asq126,Data Modeling: What logic to put in DBT vs in BI Layer?,11,10,anon_data_person,2/17/24 1:44,https://www.reddit.com/r/dataengineering/comments/1asq126/data_modeling_what_logic_to_put_in_dbt_vs_in_bi/,0.92,FALSE,FALSE,FALSE,FALSE
1asi2e5,dbt Data Modeling Competition,11,2,JParkerRogers,2/16/24 20:02,https://www.reddit.com/r/dataengineering/comments/1asi2e5/dbt_data_modeling_competition/,0.92,FALSE,FALSE,FALSE,FALSE
1arfphw,Are streaming focused jobs betted paid than others ?,12,11,Grand-Theory,2/15/24 13:43,https://www.reddit.com/r/dataengineering/comments/1arfphw/are_streaming_focused_jobs_betted_paid_than_others/,0.93,FALSE,FALSE,FALSE,FALSE
1aqv023,AWS + Tableau OR Azure + PowerBI?,11,10,Aleebee2,2/14/24 19:09,https://www.reddit.com/r/dataengineering/comments/1aqv023/aws_tableau_or_azure_powerbi/,1,FALSE,FALSE,FALSE,FALSE
1at2ir9,Favourite technical books,10,4,Low-Sandwich-7607,2/17/24 13:55,https://www.reddit.com/r/dataengineering/comments/1at2ir9/favourite_technical_books/,1,FALSE,FALSE,FALSE,FALSE
1as34ck,Kryterion suspended my exam,9,4,Worldly_Horror_2754,2/16/24 7:44,https://www.reddit.com/r/dataengineering/comments/1as34ck/kryterion_suspended_my_exam/,0.81,FALSE,FALSE,FALSE,FALSE
1as1jy2,Intellisense for SQL in Python,11,8,Suspicious_Peanut282,2/16/24 6:04,https://www.reddit.com/r/dataengineering/comments/1as1jy2/intellisense_for_sql_in_python/,1,FALSE,FALSE,FALSE,FALSE
1aqk7rs,New DuckDB Array Type used for Vector databasing on top of Postgres,11,0,squareape,2/14/24 10:56,https://luukvandervelden.medium.com/vector-databasing-with-duckdb-on-top-of-pgvector-ec182f815a16?source=friends_link&sk=041d8e614e2b4ada23af79205661e0d3,1,FALSE,FALSE,FALSE,FALSE
1atwofy,Junior Data Engineer needs urgent advice,9,9,IamCoolerThanYoux3,2/18/24 15:31,https://www.reddit.com/r/dataengineering/comments/1atwofy/junior_data_engineer_needs_urgent_advice/,0.72,FALSE,FALSE,FALSE,FALSE
1apv4t0,Connectomics Data Challenge,8,0,amyleerobinson,2/13/24 14:45,https://www.reddit.com/r/dataengineering/comments/1apv4t0/connectomics_data_challenge/,0.84,FALSE,FALSE,FALSE,FALSE
1atvwhu,Data Architecture,8,5,shinon_7652,2/18/24 14:57,https://www.reddit.com/r/dataengineering/comments/1atvwhu/data_architecture/,0.9,FALSE,FALSE,FALSE,FALSE
1atpbay,Labs for learning Spark or Airflow,9,6,BarberCultural4665,2/18/24 8:23,https://www.reddit.com/r/dataengineering/comments/1atpbay/labs_for_learning_spark_or_airflow/,0.91,FALSE,FALSE,FALSE,FALSE
1arbsy4,Working on multiple python projects,9,6,Steve-Quix,2/15/24 9:38,https://www.reddit.com/r/dataengineering/comments/1arbsy4/working_on_multiple_python_projects/,1,FALSE,FALSE,FALSE,FALSE
1ar9vtx,Data scientists moonlighting as data engineers,8,12,DingusFamilyVacation,2/15/24 7:18,https://www.reddit.com/r/dataengineering/comments/1ar9vtx/data_scientists_moonlighting_as_data_engineers/,0.79,FALSE,FALSE,FALSE,FALSE
1ar9vle,Airbyte costs - self host or cloud? ,8,9,dronedesigner,2/15/24 7:18,https://www.reddit.com/r/dataengineering/comments/1ar9vle/airbyte_costs_self_host_or_cloud/,1,FALSE,FALSE,FALSE,FALSE
1apip8g,Whats the proper way to apply for internal job,6,10,liskeeksil,2/13/24 2:45,https://www.reddit.com/r/dataengineering/comments/1apip8g/whats_the_proper_way_to_apply_for_internal_job/,0.69,FALSE,FALSE,FALSE,FALSE
1aumchk,How / When to use Kuberenets operator in airflow,7,8,PhilosopherRemote177,2/19/24 12:40,https://www.reddit.com/r/dataengineering/comments/1aumchk/how_when_to_use_kuberenets_operator_in_airflow/,0.82,FALSE,FALSE,FALSE,FALSE
1aua374,Vendor Break-ups and Hook-ups?,8,2,AMDataLake,2/19/24 0:45,https://www.reddit.com/r/dataengineering/comments/1aua374/vendor_breakups_and_hookups/,0.9,FALSE,FALSE,FALSE,FALSE
1atsxpt,Seeking user-friendly data analysis tool for non-technical clients,7,15,moshestv,2/18/24 12:23,https://www.reddit.com/r/dataengineering/comments/1atsxpt/seeking_userfriendly_data_analysis_tool_for/,0.77,FALSE,FALSE,FALSE,FALSE
1atdk8c,How to orchestrate jobs,6,3,SKll75,2/17/24 21:59,https://www.reddit.com/r/dataengineering/comments/1atdk8c/how_to_orchestrate_jobs/,0.88,FALSE,FALSE,FALSE,FALSE
1aspdhk,Need help deciding an OLAP db,8,19,RedBlueWhiteBlack,2/17/24 1:13,https://www.reddit.com/r/dataengineering/comments/1aspdhk/need_help_deciding_an_olap_db/,1,FALSE,FALSE,FALSE,FALSE
1as09mo,Opinions on Hosted Kafka,7,7,Sp00ky_6,2/16/24 4:52,https://www.reddit.com/r/dataengineering/comments/1as09mo/opinions_on_hosted_kafka/,1,FALSE,FALSE,FALSE,FALSE
1arx0zy,How do I become a DE from a non-IT background and which between DA and DE should be the first step?,7,7,Spiritual_Yak5933,2/16/24 2:03,https://www.reddit.com/r/dataengineering/comments/1arx0zy/how_do_i_become_a_de_from_a_nonit_background_and/,0.82,FALSE,FALSE,FALSE,FALSE
1ar6hmt,Meta DE Pre-Screen,5,5,alishak1999,2/15/24 3:52,https://www.reddit.com/r/dataengineering/comments/1ar6hmt/meta_de_prescreen/,0.74,FALSE,FALSE,FALSE,FALSE
1aqogdc,How much does title matter?,7,10,bcw28511,2/14/24 14:41,https://www.reddit.com/r/dataengineering/comments/1aqogdc/how_much_does_title_matter/,0.9,FALSE,FALSE,FALSE,FALSE
1aq00v5,What is the difference between a data mart and a regular data model?,7,3,TaleLegal9085,2/13/24 18:04,https://www.reddit.com/r/dataengineering/comments/1aq00v5/what_is_the_difference_between_a_data_mart_and_a/,0.9,FALSE,FALSE,FALSE,FALSE
1appuju,Are GenAI& PandasAi safe to use for confidential data ??,7,5,TylerTheBat,2/13/24 9:52,https://www.reddit.com/r/dataengineering/comments/1appuju/are_genai_pandasai_safe_to_use_for_confidential/,0.9,FALSE,FALSE,FALSE,FALSE
1atqdps,Database Fundamentals,7,0,youmarye,2/18/24 9:37,https://tontinton.com/posts/database-fundementals,0.89,FALSE,FALSE,FALSE,FALSE
1atccw5,Question on data pipeline and Kafka events,5,3,Upper-Lifeguard-8478,2/17/24 21:07,https://www.reddit.com/r/dataengineering/comments/1atccw5/question_on_data_pipeline_and_kafka_events/,0.86,FALSE,FALSE,FALSE,FALSE
1at0xbv,Deploying Clickhouse in production - what to watch out for,6,5,abhishekgahlot,2/17/24 12:31,https://www.reddit.com/r/dataengineering/comments/1at0xbv/deploying_clickhouse_in_production_what_to_watch/,1,FALSE,FALSE,FALSE,FALSE
1arvfme,Thoughts on ingesting 300gb file into snowflake,6,10,theaccelerator3,2/16/24 0:47,https://www.reddit.com/r/dataengineering/comments/1arvfme/thoughts_on_ingesting_300gb_file_into_snowflake/,0.71,FALSE,FALSE,FALSE,FALSE
1aqzl68,Credible white papers on ELT and Medallion architecture,5,1,coopopooc,2/14/24 22:22,https://www.reddit.com/r/dataengineering/comments/1aqzl68/credible_white_papers_on_elt_and_medallion/,0.86,FALSE,FALSE,FALSE,FALSE
1aq8qdc,Seeking recommendation for tools that will work for a specific architecture,6,5,endotronic,2/14/24 0:00,https://www.reddit.com/r/dataengineering/comments/1aq8qdc/seeking_recommendation_for_tools_that_will_work/,0.88,FALSE,FALSE,FALSE,FALSE
1aq0u4f,Job Market for Foreigners,7,13,luishacm,2/13/24 18:37,https://www.reddit.com/r/dataengineering/comments/1aq0u4f/job_market_for_foreigners/,0.68,FALSE,FALSE,FALSE,FALSE
1aq01f4,one-to-one relationships in star schema,7,7,pdxtechnologist,2/13/24 18:05,https://www.reddit.com/r/dataengineering/comments/1aq01f4/onetoone_relationships_in_star_schema/,0.89,FALSE,FALSE,FALSE,FALSE
1apxt0o,Data teams building in public repositories,6,2,Wingsofpeace7,2/13/24 16:37,https://www.reddit.com/r/dataengineering/comments/1apxt0o/data_teams_building_in_public_repositories/,1,FALSE,FALSE,FALSE,FALSE
1aptdwv,Teradata Vantageâ„¢ destination now available on Airbyte Cloud,6,0,JanethL,2/13/24 13:24,https://medium.com/teradata/teradata-vantage-destination-now-available-on-airbyte-cloud-1eed7479e40e,1,FALSE,FALSE,FALSE,FALSE
1auzzx9,What are some key features of a data catalog would engineers find useful?,6,4,Wentz_ylvania,2/19/24 21:57,https://www.reddit.com/r/dataengineering/comments/1auzzx9/what_are_some_key_features_of_a_data_catalog/,0.88,FALSE,FALSE,FALSE,FALSE
1auxvo3,Need help deciding on new data lake design for DE personal projects?,6,3,mccarthycodes,2/19/24 20:36,https://www.reddit.com/r/dataengineering/comments/1auxvo3/need_help_deciding_on_new_data_lake_design_for_de/,1,FALSE,FALSE,FALSE,FALSE
1atvon9,databricks + dbt core or dbt cloud?,5,21,Necessary-Bad1906,2/18/24 14:47,https://www.reddit.com/r/dataengineering/comments/1atvon9/databricks_dbt_core_or_dbt_cloud/,0.73,FALSE,FALSE,FALSE,FALSE
1atkfkl,How to manage healthcare provider data,6,13,Elmopo74,2/18/24 3:26,https://www.reddit.com/r/dataengineering/comments/1atkfkl/how_to_manage_healthcare_provider_data/,0.87,FALSE,FALSE,FALSE,FALSE
1atipxm,Questions about Databricks certifications,5,4,Le-Melancolique,2/18/24 1:57,https://www.reddit.com/r/dataengineering/comments/1atipxm/questions_about_databricks_certifications/,0.86,FALSE,FALSE,FALSE,FALSE
1asnwgy,Encryption micro service?,4,2,Foodwithfloyd,2/17/24 0:07,https://www.reddit.com/r/dataengineering/comments/1asnwgy/encryption_micro_service/,0.84,FALSE,FALSE,FALSE,FALSE
1ariadu,Advice on data processing,5,9,FunBrilliant5712,2/15/24 15:40,https://www.reddit.com/r/dataengineering/comments/1ariadu/advice_on_data_processing/,1,FALSE,FALSE,FALSE,FALSE
1aras97,Migrating large number of on prem MS SQL database to Azure,6,5,OnlyFish7104,2/15/24 8:23,https://www.reddit.com/r/dataengineering/comments/1aras97/migrating_large_number_of_on_prem_ms_sql_database/,1,FALSE,FALSE,FALSE,FALSE
1ar7kpw,Playbook: Data stack cost modelling - saving money and improving data culture,4,0,ivanovyordan,2/15/24 4:53,https://datagibberish.com/cp/141594409,0.76,FALSE,FALSE,FALSE,FALSE
1ar2w94,What are the expectations of data engineering trainee? Anxiety on the first interview,7,7,pmme_ur_titsandclits,2/15/24 0:47,https://www.reddit.com/r/dataengineering/comments/1ar2w94/what_are_the_expectations_of_data_engineering/,1,FALSE,TRUE,FALSE,FALSE
1aqx0hs,Terraform for Streamlined Snowflake Management (2024),5,0,ian-whitestone,2/14/24 20:32,https://select.dev/posts/snowflake-terraform,0.78,FALSE,FALSE,FALSE,FALSE
1aqee7l,Dataframe overwritten using data from another notebook - Azure Databricks,5,14,dilkushpatel,2/14/24 4:36,https://www.reddit.com/r/dataengineering/comments/1aqee7l/dataframe_overwritten_using_data_from_another/,1,FALSE,FALSE,FALSE,FALSE
1aq6kpm,DBT generic schema tests questions,4,20,Interesting-Goose82,2/13/24 22:29,https://www.reddit.com/r/dataengineering/comments/1aq6kpm/dbt_generic_schema_tests_questions/,0.76,FALSE,FALSE,FALSE,FALSE
1aps1ts,Using Power BI as frontend and Databricks as compute engine for data products,5,11,No_Lawfulness_6252,2/13/24 12:15,https://www.reddit.com/r/dataengineering/comments/1aps1ts/using_power_bi_as_frontend_and_databricks_as/,0.86,FALSE,FALSE,FALSE,FALSE
1appi2g,Partitioning Limit in Kafka,6,2,Plus-Author9252,2/13/24 9:26,https://www.reddit.com/r/dataengineering/comments/1appi2g/partitioning_limit_in_kafka/,1,FALSE,FALSE,FALSE,FALSE
1apktdn,Can we use ADF to copy data from Salesforce to Snowflake directly without staging data in Blob storage?,5,7,JK_1975,2/13/24 4:30,https://www.reddit.com/r/dataengineering/comments/1apktdn/can_we_use_adf_to_copy_data_from_salesforce_to/,0.78,FALSE,FALSE,FALSE,FALSE
1ausru6,Isn't Snowflake expensive when your other infrastructure is on AWS?,4,27,rental_car_abuse,2/19/24 17:19,https://www.reddit.com/r/dataengineering/comments/1ausru6/isnt_snowflake_expensive_when_your_other/,0.57,FALSE,FALSE,FALSE,FALSE
1aujo8q,Web Scraping an E-commerce Site,3,3,xscri,2/19/24 9:52,https://www.reddit.com/r/dataengineering/comments/1aujo8q/web_scraping_an_ecommerce_site/,0.72,FALSE,FALSE,FALSE,FALSE
1au5lfg,Creating a Glue/Pyspark function to get latest partition from a S3 bucket,4,2,IWantAGoodBattery,2/18/24 21:35,https://www.reddit.com/r/dataengineering/comments/1au5lfg/creating_a_gluepyspark_function_to_get_latest/,0.84,FALSE,FALSE,FALSE,FALSE
1atvls5,Apache Airflow + AWS,3,2,GlZM0O,2/18/24 14:43,https://www.reddit.com/r/dataengineering/comments/1atvls5/apache_airflow_aws/,0.81,FALSE,FALSE,FALSE,FALSE
1attvja,Beginner here. How do I learn by practicing? ,5,7,20231027,2/18/24 13:17,https://www.reddit.com/r/dataengineering/comments/1attvja/beginner_here_how_do_i_learn_by_practicing/,0.86,FALSE,FALSE,FALSE,FALSE
1atrusw,The DBT of AI,3,2,FewComfort75,2/18/24 11:16,https://matsmoll.github.io/posts/the-dbt-of-ai,0.64,FALSE,FALSE,FALSE,FALSE
1ataxyd,Load balancer for pipelines,4,4,Amrita_Kai,2/17/24 20:05,https://www.reddit.com/r/dataengineering/comments/1ataxyd/load_balancer_for_pipelines/,1,FALSE,FALSE,FALSE,FALSE
1at8a9q,End to End Data Engineering,3,4,mjfnd,2/17/24 18:13,https://www.junaideffendi.com/p/end-to-end-data-engineering,0.64,FALSE,FALSE,FALSE,FALSE
1at262v,Best way to ingest data that is based on data already in the database?,5,3,RichOkra,2/17/24 13:37,https://www.reddit.com/r/dataengineering/comments/1at262v/best_way_to_ingest_data_that_is_based_on_data/,0.86,FALSE,FALSE,FALSE,FALSE
1aswgfv,Data Engineering - First Contact,4,1,Paperplaneflyr,2/17/24 7:39,https://www.reddit.com/r/dataengineering/comments/1aswgfv/data_engineering_first_contact/,1,FALSE,FALSE,FALSE,FALSE
1asj9op,Cannot recreate PySpark docker container,4,1,Cheeky-owlet,2/16/24 20:52,https://www.reddit.com/r/dataengineering/comments/1asj9op/cannot_recreate_pyspark_docker_container/,1,FALSE,FALSE,FALSE,FALSE
1arpxne,Best Way to Use Hadoop Ecosystem on Local Machine for School Project?,5,6,ryan7ait,2/15/24 20:54,https://www.reddit.com/r/dataengineering/comments/1arpxne/best_way_to_use_hadoop_ecosystem_on_local_machine/,1,FALSE,FALSE,FALSE,FALSE
1arn1as,Reduce DB Connections in Spark Job?,3,9,agsilvio,2/15/24 18:56,https://www.reddit.com/r/dataengineering/comments/1arn1as/reduce_db_connections_in_spark_job/,0.81,FALSE,FALSE,FALSE,FALSE
1aqwe6i,What type of leetcode questions are asked in an interview for an Analytics Engineering role?,4,6,freebird348,2/14/24 20:06,https://www.reddit.com/r/dataengineering/comments/1aqwe6i/what_type_of_leetcode_questions_are_asked_in_an/,0.83,FALSE,FALSE,FALSE,FALSE
1aqkvme,Converting MySQL DB to SQL Server,4,2,das3012,2/14/24 11:38,https://www.reddit.com/r/dataengineering/comments/1aqkvme/converting_mysql_db_to_sql_server/,1,FALSE,TRUE,FALSE,FALSE
1aqfd8q,Soda core for Delta lake,3,1,Islamic_justice,2/14/24 5:30,https://www.reddit.com/r/dataengineering/comments/1aqfd8q/soda_core_for_delta_lake/,0.81,FALSE,FALSE,FALSE,FALSE
1apywog,What are you using to extract Google Analytics (GA4) and Google Ads data?,3,0,giuliosmall,2/13/24 17:20,https://www.reddit.com/r/dataengineering/comments/1apywog/what_are_you_using_to_extract_google_analytics/,0.72,FALSE,FALSE,FALSE,FALSE
1apv42h,Using dbt with two different snowflake accounts? Looking for input.,4,5,MasterKluch,2/13/24 14:45,https://www.reddit.com/r/dataengineering/comments/1apv42h/using_dbt_with_two_different_snowflake_accounts/,1,FALSE,FALSE,FALSE,FALSE
1apv2d7,How to establish an OLE DB Destination in SSIS?,4,0,imperialka,2/13/24 14:42,https://www.reddit.com/r/dataengineering/comments/1apv2d7/how_to_establish_an_ole_db_destination_in_ssis/,1,FALSE,FALSE,FALSE,FALSE
1aposzs,Distributed time-series processing?,3,1,Sea_Pipe9828,2/13/24 8:35,https://www.reddit.com/r/dataengineering/comments/1aposzs/distributed_timeseries_processing/,0.81,FALSE,FALSE,FALSE,FALSE
1aphgks,"Data quality tool for extracts (txt/delimited, .csv etcâ€¦)",4,3,mg_1987,2/13/24 1:45,https://www.reddit.com/r/dataengineering/comments/1aphgks/data_quality_tool_for_extracts_txtdelimited_csv/,0.76,FALSE,FALSE,FALSE,FALSE
1au9kg4,Career crossroads,3,3,Maw-installation,2/19/24 0:21,https://www.reddit.com/r/dataengineering/comments/1au9kg4/career_crossroads/,0.8,FALSE,FALSE,FALSE,FALSE
1atyted,Do you use any tool to optimise your overall data enablement  cost?,3,0,Parking-Army3092,2/18/24 17:02,https://www.reddit.com/r/dataengineering/comments/1atyted/do_you_use_any_tool_to_optimise_your_overall_data/,1,FALSE,FALSE,FALSE,FALSE
1atjppu,For loop in Delta live table,3,7,stock_daddy,2/18/24 2:48,https://www.reddit.com/r/dataengineering/comments/1atjppu/for_loop_in_delta_live_table/,1,FALSE,FALSE,FALSE,FALSE
1atj40m,Apache datafusion question - primary use cases?,3,1,Double-Code1902,2/18/24 2:17,https://www.reddit.com/r/dataengineering/comments/1atj40m/apache_datafusion_question_primary_use_cases/,1,FALSE,FALSE,FALSE,FALSE
1at5kpz,What are some good sources to learn Scala and Spark?,2,5,Present-Yogurt-1998,2/17/24 16:17,https://www.reddit.com/r/dataengineering/comments/1at5kpz/what_are_some_good_sources_to_learn_scala_and/,0.63,FALSE,FALSE,FALSE,FALSE
1arwlba,Difference between a Senior & Lead data engineer?,3,4,fancyfanch,2/16/24 1:43,https://www.reddit.com/r/dataengineering/comments/1arwlba/difference_between_a_senior_lead_data_engineer/,0.8,FALSE,FALSE,FALSE,FALSE
1arvhju,Soliciting Advice on NoSQL ingestion to SQL Server,3,0,bananahramah,2/16/24 0:50,https://www.reddit.com/r/dataengineering/comments/1arvhju/soliciting_advice_on_nosql_ingestion_to_sql_server/,1,FALSE,FALSE,FALSE,FALSE
1arsmxt,dbt Core without a Database Connection,3,4,trianglesteve,2/15/24 22:44,https://www.reddit.com/r/dataengineering/comments/1arsmxt/dbt_core_without_a_database_connection/,1,FALSE,FALSE,FALSE,FALSE
1arryct,Conferences: Databrick vs Google Next vs. Amazon Re:invent,3,8,Aware-Expression4004,2/15/24 22:16,https://www.reddit.com/r/dataengineering/comments/1arryct/conferences_databrick_vs_google_next_vs_amazon/,0.67,FALSE,FALSE,FALSE,FALSE
1armg0e,Biggest Partitioning Pains?,3,0,AMDataLake,2/15/24 18:31,https://www.reddit.com/r/dataengineering/comments/1armg0e/biggest_partitioning_pains/,1,FALSE,FALSE,FALSE,FALSE
1arlw5t,Designing an Analytics Pipeline on GCP,3,0,SchemaScorcher,2/15/24 18:09,https://www.reddit.com/r/dataengineering/comments/1arlw5t/designing_an_analytics_pipeline_on_gcp/,1,FALSE,FALSE,FALSE,FALSE
1arj04h,Connecting To Azure sql data base using python from azure data ricks notebook.,3,1,Automatic_Will_5137,2/15/24 16:10,https://www.reddit.com/r/dataengineering/comments/1arj04h/connecting_to_azure_sql_data_base_using_python/,1,FALSE,FALSE,FALSE,FALSE
1arfu1y,Help with data lakes in a pipeline!~,3,1,panda-drinking-boba,2/15/24 13:50,https://www.reddit.com/r/dataengineering/comments/1arfu1y/help_with_data_lakes_in_a_pipeline/,1,FALSE,FALSE,FALSE,FALSE
1araicn,"I have done Informatica as a fresher for 2 years now. My project is going to migrate in Spark+ databricks+ Airflow soon. How much hike i can Expect on 2 years of experience, or is there any Abroad Jib opportunities for me?",3,1,Comprehensive-Bass93,2/15/24 8:03,https://www.reddit.com/r/dataengineering/comments/1araicn/i_have_done_informatica_as_a_fresher_for_2_years/,1,FALSE,TRUE,FALSE,FALSE
1ar7av1,How do you all multimachine and multiprocess your python scripts outside orchestration engine?,3,3,BetResponsible4418,2/15/24 4:38,https://www.reddit.com/r/dataengineering/comments/1ar7av1/how_do_you_all_multimachine_and_multiprocess_your/,0.81,FALSE,FALSE,FALSE,FALSE
1ar5loq,SQL SERVER: How do I stop unneeded table in a view from running?,4,9,manpace,2/15/24 3:03,https://www.reddit.com/r/dataengineering/comments/1ar5loq/sql_server_how_do_i_stop_unneeded_table_in_a_view/,0.67,FALSE,FALSE,FALSE,FALSE
1aqlxsa,Why BigQuery exports are to a single table?,3,1,aruntdharan,2/14/24 12:39,https://www.reddit.com/r/dataengineering/comments/1aqlxsa/why_bigquery_exports_are_to_a_single_table/,1,FALSE,FALSE,FALSE,FALSE
1aqhrti,Embedding Tableau dashboards in a web app,3,4,OnlyFish7104,2/14/24 8:02,https://www.reddit.com/r/dataengineering/comments/1aqhrti/embedding_tableau_dashboards_in_a_web_app/,1,FALSE,FALSE,FALSE,FALSE
1aqbftj,Completed IBM Data Engineering Professional Certificate. Now what?,1,1,Cheetohcrank,2/14/24 2:05,https://www.reddit.com/r/dataengineering/comments/1aqbftj/completed_ibm_data_engineering_professional/,0.56,FALSE,FALSE,FALSE,FALSE
1aq07hq,Compiling a List of Essential Terms in Data Engineering,3,3,Data-Queen-Mayra,2/13/24 18:12,https://www.reddit.com/r/dataengineering/comments/1aq07hq/compiling_a_list_of_essential_terms_in_data/,0.72,FALSE,FALSE,FALSE,FALSE
1aptmob,My ETL performs full load every day but I want to extract true I/U/Ds out of it.,3,0,gkmanu9,2/13/24 13:36,https://www.reddit.com/r/dataengineering/comments/1aptmob/my_etl_performs_full_load_every_day_but_i_want_to/,0.72,FALSE,FALSE,FALSE,FALSE
1apslj8,9 Ways to Sell Data Services to Non-Data-Savvy Clients,3,1,sbalnojan,2/13/24 12:44,https://arch.dev/blog/9-ways-to-sell-data-services-to-non-data-savvy-clients/,0.67,FALSE,FALSE,FALSE,FALSE
1aps4cd,Vertex ai and code,3,0,Total_Definition_401,2/13/24 12:19,https://www.reddit.com/r/dataengineering/comments/1aps4cd/vertex_ai_and_code/,1,FALSE,FALSE,FALSE,FALSE
1apry9n,CosmosDb (mongo) to Postgres,3,4,quincycs,2/13/24 12:09,https://www.reddit.com/r/dataengineering/comments/1apry9n/cosmosdb_mongo_to_postgres/,1,FALSE,FALSE,FALSE,FALSE
1apqda9,Why not send processed data from speed layer to batch layer in Lambda?,3,3,No_Dentist7884,2/13/24 10:28,https://www.reddit.com/r/dataengineering/comments/1apqda9/why_not_send_processed_data_from_speed_layer_to/,1,FALSE,FALSE,FALSE,FALSE
1apq39i,Best Practices for Updating Raw Data in Data Science Projects?,3,1,Free-Orange2290,2/13/24 10:09,https://www.reddit.com/r/dataengineering/comments/1apq39i/best_practices_for_updating_raw_data_in_data/,1,FALSE,FALSE,FALSE,FALSE
1av0oth,What is your use case for a realtime data pipeline?,5,1,jawabdey,2/19/24 22:24,https://www.reddit.com/r/dataengineering/comments/1av0oth/what_is_your_use_case_for_a_realtime_data_pipeline/,1,FALSE,FALSE,FALSE,FALSE
1auxetw,Data Engineering Podcast: Using Trino And Iceberg As The Foundation Of Your Data Lakehouse,2,0,Old-Relationship-207,2/19/24 20:17,https://www.dataengineeringpodcast.com/starburst-trino-iceberg-data-lakehouse-episode-413,0.75,FALSE,FALSE,FALSE,FALSE
1aux9l6,Need some Delta Merge Advice,2,2,Hear7y,2/19/24 20:12,https://www.reddit.com/r/dataengineering/comments/1aux9l6/need_some_delta_merge_advice/,1,FALSE,TRUE,FALSE,FALSE
1aux6nq,Anyone work in finance? What's it like to switch between different types of companies within finance?,2,1,opabm,2/19/24 20:09,https://www.reddit.com/r/dataengineering/comments/1aux6nq/anyone_work_in_finance_whats_it_like_to_switch/,0.75,FALSE,FALSE,FALSE,FALSE
1auhtcp,Data Pipeline Feedback,2,3,trianglesteve,2/19/24 7:45,https://www.reddit.com/r/dataengineering/comments/1auhtcp/data_pipeline_feedback/,1,FALSE,FALSE,FALSE,FALSE
1au9jia,Ideas for maintaining a central repository in my local machine,2,4,Jealous-Bat-7812,2/19/24 0:20,https://www.reddit.com/r/dataengineering/comments/1au9jia/ideas_for_maintaining_a_central_repository_in_my/,0.75,FALSE,FALSE,FALSE,FALSE
1au3vk2,Question on Roles in PostgreSql,2,2,scuffed12s,2/18/24 20:26,https://www.reddit.com/r/dataengineering/comments/1au3vk2/question_on_roles_in_postgresql/,1,FALSE,FALSE,FALSE,FALSE
1atx7ld,Dimensional Modeling/ Star Schema,2,1,Accomplished-Ad-2407,2/18/24 15:55,https://www.reddit.com/r/dataengineering/comments/1atx7ld/dimensional_modeling_star_schema/,1,FALSE,FALSE,FALSE,FALSE
1athjdm,some advice about data,2,5,jmcdougal117,2/18/24 0:58,https://www.reddit.com/r/dataengineering/comments/1athjdm/some_advice_about_data/,1,FALSE,FALSE,FALSE,FALSE
1as9hp3,How would you approach creating an on-premises data warehouse in SQL Server?,2,6,jtdubbs,2/16/24 14:10,https://www.reddit.com/r/dataengineering/comments/1as9hp3/how_would_you_approach_creating_an_onpremises/,0.75,FALSE,FALSE,FALSE,FALSE
1as0q8u,Incremental Materialisation for OLAP in Athena + Iceberg,2,2,sansampersamp,2/16/24 5:16,https://www.reddit.com/r/dataengineering/comments/1as0q8u/incremental_materialisation_for_olap_in_athena/,1,FALSE,FALSE,FALSE,FALSE
1arxw6g,Base Scenarios for Exercise,2,3,RustyTheCynical,2/16/24 2:46,https://www.reddit.com/r/dataengineering/comments/1arxw6g/base_scenarios_for_exercise/,0.75,FALSE,FALSE,FALSE,FALSE
1arxqn9,dbt documentation tool for data consumers,2,1,icebergh-io,2/16/24 2:38,https://www.reddit.com/r/dataengineering/comments/1arxqn9/dbt_documentation_tool_for_data_consumers/,0.75,FALSE,FALSE,FALSE,FALSE
1arvrrn,Need help with the logic,2,3,Mammoth_Currency404,2/16/24 1:03,https://www.reddit.com/r/dataengineering/comments/1arvrrn/need_help_with_the_logic/,1,FALSE,FALSE,FALSE,FALSE
1arl9e9,Who should be responsible for data extraction,2,3,Interesting_Gas814,2/15/24 17:43,https://www.reddit.com/r/dataengineering/comments/1arl9e9/who_should_be_responsible_for_data_extraction/,0.75,FALSE,FALSE,FALSE,FALSE
1arkpw4,ADF data pipeline for syncing 25 tables - failure scenario,2,2,BigDataMax,2/15/24 17:21,https://www.reddit.com/r/dataengineering/comments/1arkpw4/adf_data_pipeline_for_syncing_25_tables_failure/,1,FALSE,FALSE,FALSE,FALSE
1ar4pxs,Question: Where best to host Airflow-orchestrated data operations (on-premises)?,2,6,Nightwyrm,2/15/24 2:18,https://www.reddit.com/r/dataengineering/comments/1ar4pxs/question_where_best_to_host_airfloworchestrated/,0.67,FALSE,FALSE,FALSE,FALSE
1ar2rb2,Advice on switch from Data Engineering to DE Consultancy,2,1,candyman_forever,2/15/24 0:40,https://www.reddit.com/r/dataengineering/comments/1ar2rb2/advice_on_switch_from_data_engineering_to_de/,0.76,FALSE,FALSE,FALSE,FALSE
1aqy4qk,"Guest talk ""#AI-based assessment of cardiac allograft rejections",2,0,pasticciociccio,2/14/24 21:20,https://www.youtube.com/watch?v=60rYpebjEKs,1,FALSE,FALSE,FALSE,FALSE
1aqxy5f,Best Practices with a Logic File,2,1,AstroSpiderBaby,2/14/24 21:12,https://www.reddit.com/r/dataengineering/comments/1aqxy5f/best_practices_with_a_logic_file/,1,FALSE,FALSE,FALSE,FALSE
1aqxenc,How's entry-level job market for DE right now?,1,28,betelgeuse910,2/14/24 20:49,https://www.reddit.com/r/dataengineering/comments/1aqxenc/hows_entrylevel_job_market_for_de_right_now/,0.53,FALSE,FALSE,FALSE,FALSE
1aqw9uc,Low Latency Replication from Postgres to ClickHouse Using PeerDB,2,4,saipeerdb,2/14/24 20:01,https://www.reddit.com/r/dataengineering/comments/1aqw9uc/low_latency_replication_from_postgres_to/,0.76,FALSE,FALSE,FALSE,FALSE
1aqvhcj,Dagster + dbt,2,1,coreytrevorlahey69,2/14/24 19:29,https://www.reddit.com/r/dataengineering/comments/1aqvhcj/dagster_dbt/,0.76,FALSE,FALSE,FALSE,FALSE
1aqt9zu,Whatâ€™s Your Data Warehouse Name?,2,3,thebatman7727,2/14/24 18:01,https://www.reddit.com/r/dataengineering/comments/1aqt9zu/whats_your_data_warehouse_name/,1,FALSE,FALSE,FALSE,FALSE
1aqq4x1,"Favorite BI Tool, and why?",2,8,AMDataLake,2/14/24 15:53,https://www.reddit.com/r/dataengineering/comments/1aqq4x1/favorite_bi_tool_and_why/,0.67,FALSE,FALSE,FALSE,FALSE
1aqm2qq,"Challenges of Multiple Data Products, Duplication Management, and Governance",2,0,growth_man,2/14/24 12:46,https://moderndata101.substack.com/p/managing-the-evolving-landscape-of-data-products,0.75,FALSE,FALSE,FALSE,FALSE
1aqi1f4,How to implement results from Spark profiling to actual data quality checks (on Sodacore preferably),2,1,Islamic_justice,2/14/24 8:21,https://www.reddit.com/r/dataengineering/comments/1aqi1f4/how_to_implement_results_from_spark_profiling_to/,1,FALSE,FALSE,FALSE,FALSE
1aqavuu,Best way to import parquet files into multiple Redshift tables based on source directory name using AWS Glue?,2,7,crampedTurtle,2/14/24 1:39,https://www.reddit.com/r/dataengineering/comments/1aqavuu/best_way_to_import_parquet_files_into_multiple/,0.76,FALSE,TRUE,FALSE,FALSE
1aptwme,"folks in mid-sized startups, need help in validating my idea ðŸ™Œ",2,1,thehungryindian,2/13/24 13:49,https://www.reddit.com/r/dataengineering/comments/1aptwme/folks_in_midsized_startups_need_help_in/,1,FALSE,FALSE,FALSE,FALSE
1appyni,Data Collection / Asyncio / Brightdata Proxies,2,0,Saa3dLfachil,2/13/24 10:00,https://www.reddit.com/r/dataengineering/comments/1appyni/data_collection_asyncio_brightdata_proxies/,1,FALSE,FALSE,FALSE,FALSE
1apl1l7,"Do you use a service mesh, manage IPs yourself?",2,1,DuckDatum,2/13/24 4:42,https://www.reddit.com/r/dataengineering/comments/1apl1l7/do_you_use_a_service_mesh_manage_ips_yourself/,0.75,FALSE,FALSE,FALSE,FALSE
1apks31,Who are using data virtualization tools and whatâ€™s the best so far?,2,0,ZetarisCommunityLead,2/13/24 4:28,https://www.reddit.com/r/dataengineering/comments/1apks31/who_are_using_data_virtualization_tools_and_whats/,1,FALSE,FALSE,FALSE,FALSE
1auzk3d,Extract and load tool with target table creation?,2,0,corycorycory09,2/19/24 21:40,https://www.reddit.com/r/dataengineering/comments/1auzk3d/extract_and_load_tool_with_target_table_creation/,1,FALSE,FALSE,FALSE,FALSE
1auzjli,How important is mentoring for a junior data engineer?,2,2,CrazyKey4744,2/19/24 21:40,https://www.reddit.com/r/dataengineering/comments/1auzjli/how_important_is_mentoring_for_a_junior_data/,1,FALSE,FALSE,FALSE,FALSE
1aurhd4,Split a fact table into two differente context?,1,0,Andremallmann,2/19/24 16:30,https://www.reddit.com/r/dataengineering/comments/1aurhd4/split_a_fact_table_into_two_differente_context/,0.67,FALSE,FALSE,FALSE,FALSE
1aup1o4,Seeking HPC Cluster advice,1,1,khaili109,2/19/24 14:49,https://www.reddit.com/r/dataengineering/comments/1aup1o4/seeking_hpc_cluster_advice/,1,FALSE,FALSE,FALSE,FALSE
1aunya1,Application for visualization and calculations,1,1,Warm-Consideration-5,2/19/24 14:00,https://www.reddit.com/r/dataengineering/comments/1aunya1/application_for_visualization_and_calculations/,1,FALSE,FALSE,FALSE,FALSE
1au1jn0,data engineering zoomcamp - docker session,1,6,themagnificent1906,2/18/24 18:53,https://www.reddit.com/r/dataengineering/comments/1au1jn0/data_engineering_zoomcamp_docker_session/,0.6,FALSE,FALSE,FALSE,FALSE
1at7mp7,Need help with a database project,1,4,norfkens2,2/17/24 17:45,https://www.reddit.com/r/dataengineering/comments/1at7mp7/need_help_with_a_database_project/,0.67,FALSE,FALSE,FALSE,FALSE
1asgrtz,3rd party tools for business rules transformation engine,1,2,Next_Alternative9492,2/16/24 19:09,https://www.reddit.com/r/dataengineering/comments/1asgrtz/3rd_party_tools_for_business_rules_transformation/,1,FALSE,FALSE,FALSE,FALSE
1asfqd1,ODSC East and Data Engineering Summit ,1,0,Jennibird1220,2/16/24 18:26,https://www.reddit.com/r/dataengineering/comments/1asfqd1/odsc_east_and_data_engineering_summit/,1,FALSE,FALSE,FALSE,FALSE
1asf5da,Delta Table - Lots of Columns,1,12,MahoYami,2/16/24 18:02,https://www.reddit.com/r/dataengineering/comments/1asf5da/delta_table_lots_of_columns/,1,FALSE,TRUE,FALSE,FALSE
1as79pc,How to transform __op field postgres --> debezuim --> Kaftka,1,1,Agile_Trash_470,2/16/24 12:20,https://www.reddit.com/r/dataengineering/comments/1as79pc/how_to_transform_op_field_postgres_debezuim_kaftka/,1,FALSE,FALSE,FALSE,FALSE
1as5qle,View-Only Access in MS SQL,1,0,Sa1kon,2/16/24 10:48,https://www.reddit.com/r/dataengineering/comments/1as5qle/viewonly_access_in_ms_sql/,1,FALSE,FALSE,FALSE,FALSE
1as1rpo,Advice and help with learning data engineering,1,9,koala_bear_103,2/16/24 6:16,https://www.reddit.com/r/dataengineering/comments/1as1rpo/advice_and_help_with_learning_data_engineering/,0.99,FALSE,FALSE,FALSE,FALSE
1arrc96,Need help choosing learning path  ,1,1,aaloo_chaat,2/15/24 21:51,https://www.reddit.com/r/dataengineering/comments/1arrc96/need_help_choosing_learning_path/,1,FALSE,FALSE,FALSE,FALSE
1arler0,How would you handle this web portal workflow?,1,2,DabblrDubs,2/15/24 17:49,https://www.reddit.com/r/dataengineering/comments/1arler0/how_would_you_handle_this_web_portal_workflow/,1,FALSE,FALSE,FALSE,FALSE
1arhjoo,Confused on Scope of Role,1,1,Big-Comparison321,2/15/24 15:09,https://www.reddit.com/r/dataengineering/comments/1arhjoo/confused_on_scope_of_role/,1,FALSE,TRUE,FALSE,FALSE
1arcucc,Is there any open-source corporate geo data catalogues ?,1,0,ivan-begtin,2/15/24 10:52,https://www.reddit.com/r/dataengineering/comments/1arcucc/is_there_any_opensource_corporate_geo_data/,1,FALSE,FALSE,FALSE,FALSE
1ar2egj,Migration where the SQL needs refactoring,1,1,ElectricalFilm2,2/15/24 0:24,https://www.reddit.com/r/dataengineering/comments/1ar2egj/migration_where_the_sql_needs_refactoring/,0.67,FALSE,FALSE,FALSE,FALSE
1aqpa3y,Is this workload sustainable?,1,2,sodatacram,2/14/24 15:17,https://www.reddit.com/r/dataengineering/comments/1aqpa3y/is_this_workload_sustainable/,0.67,FALSE,FALSE,FALSE,FALSE
1aqizct,From Data scientist/analyst to Data engineer,1,2,Larry_Jr64,2/14/24 9:30,https://www.reddit.com/r/dataengineering/comments/1aqizct/from_data_scientistanalyst_to_data_engineer/,0.6,FALSE,FALSE,FALSE,FALSE
1aqft3w,How large is the market of text data entry classification/annotation? And how do data entry outsourcing companies work?,1,0,Ooker777,2/14/24 5:55,https://www.reddit.com/r/dataengineering/comments/1aqft3w/how_large_is_the_market_of_text_data_entry/,0.6,FALSE,FALSE,FALSE,FALSE
1aqbjlu,Seeking Advice on Architecting a Data Project for Patent Analysis for an academic project,1,1,Positive_Temporary77,2/14/24 2:11,https://www.reddit.com/r/dataengineering/comments/1aqbjlu/seeking_advice_on_architecting_a_data_project_for/,0.67,FALSE,FALSE,FALSE,FALSE
1aq9o0f,Data Analytics Platform Challenges and Interim Solutions: Seeking Advice,1,1,Crow2525,2/14/24 0:41,https://www.reddit.com/r/dataengineering/comments/1aq9o0f/data_analytics_platform_challenges_and_interim/,0.67,FALSE,FALSE,FALSE,FALSE
1apy1bd,Free Badges.,1,1,Wide_Philosopher9589,2/13/24 16:46,https://www.reddit.com/r/dataengineering/comments/1apy1bd/free_badges/,0.6,FALSE,FALSE,FALSE,FALSE
1aux2by,Wanting perspective from folks in the trenches,0,0,SwingTip,2/19/24 20:04,https://www.reddit.com/r/dataengineering/comments/1aux2by/wanting_perspective_from_folks_in_the_trenches/,0.5,FALSE,FALSE,FALSE,FALSE
1arnl65,Snowflake for Vectors/KNN?,0,2,nuxai,2/15/24 19:19,https://www.reddit.com/r/dataengineering/comments/1arnl65/snowflake_for_vectorsknn/,0.5,FALSE,FALSE,FALSE,FALSE
1au9ov8,Career Options,0,0,elitek7,2/19/24 0:26,https://www.reddit.com/r/dataengineering/comments/1au9ov8/career_options/,0.4,FALSE,FALSE,FALSE,FALSE
1as1vt2,Code equivalent of SAS in Databricks SQL,0,3,Its__Ram,2/16/24 6:23,https://www.reddit.com/r/dataengineering/comments/1as1vt2/code_equivalent_of_sas_in_databricks_sql/,0.33,FALSE,FALSE,FALSE,FALSE
1aqfxq5,15 Best FREE SQL Courses and Certifications Online in 2024,0,0,Aqsa81,2/14/24 6:03,https://www.mltut.com/best-free-sql-courses/,0.43,FALSE,FALSE,FALSE,FALSE
1augxjt,Why Data Engineering Is Key to Digital Transformation?,0,0,Futurismtechnologies,2/19/24 6:49,https://www.futurismtechnologies.com/blog/why-data-engineering-is-key-to-digital-transformation/,0.42,FALSE,FALSE,FALSE,FALSE
1atcwjw,Transitioning from Data Engineering in Mexico to the US Job Market,0,9,josegzza,2/17/24 21:31,https://www.reddit.com/r/dataengineering/comments/1atcwjw/transitioning_from_data_engineering_in_mexico_to/,0.42,FALSE,FALSE,FALSE,FALSE
1atcpyw,Is TCP/IP Ideal in a Perfect World?,0,4,DuckDatum,2/17/24 21:23,https://www.reddit.com/r/dataengineering/comments/1atcpyw/is_tcpip_ideal_in_a_perfect_world/,0.33,FALSE,TRUE,FALSE,FALSE
1ash6zc,"Tool for MongoDB Data Transformation, Enrichment and Aggregation with Python (Airflow?)",0,0,Additional-Relief109,2/16/24 19:26,https://www.reddit.com/r/dataengineering/comments/1ash6zc/tool_for_mongodb_data_transformation_enrichment/,0.25,FALSE,TRUE,FALSE,FALSE
1asa273,Is DE an actual position anymore?,0,9,Jamese0,2/16/24 14:35,https://www.reddit.com/r/dataengineering/comments/1asa273/is_de_an_actual_position_anymore/,0.43,FALSE,TRUE,FALSE,FALSE
1auwziw,How do you describe your job to normies?,5,46,Creyke,2/19/24 20:01,https://www.reddit.com/r/dataengineering/comments/1auwziw/how_do_you_describe_your_job_to_normies/,0.58,FALSE,FALSE,FALSE,FALSE
1auuq18,Is this Bachelors Degree Worth It?,0,21,Seby_5000,2/19/24 18:34,https://i.redd.it/srlp6y186ljc1.jpeg,0.35,FALSE,FALSE,FALSE,FALSE
1asjdf7,ETL Showdown: Sling vs. Airbyte vs. Dagster vs. dbt â€” Which Tool is Right for You?,0,4,albertstarrocks,2/16/24 20:56,https://medium.com/p/af3c83b9f8b2,0.05,FALSE,FALSE,FALSE,FALSE